"SERIES_ID","season","TEAM_A","TEAM_B","WINNER","TEAM_ID_A","TEAM_ID_B","WIN_PCT_DIFF","NET_RATING_DIFF","TS_DIFF","THREE_PT_DIFF","OFF_RATING_DIFF","DEF_RATING_DIFF","EFG_DIFF","OREB_DIFF","TOV_DIFF","PLUS_MINUS_DIFF","SOS_DIFF","SRS_DIFF","H2H_WIN_PCT_DIFF","H2H_TS_PCT_DIFF","H2H_EFG_PCT_DIFF","H2H_POINT_DIFF_DIFF"
"Atlanta Hawks vs Boston Celtics","2015-16","Atlanta Hawks","Boston Celtics",1,1610612737,1610612738,0,0.6,0.021,0.043278586609421,-1.2,-1.7,0.028,-0.056,0.014,0.5,0.0110000000000001,0.511,0.5,0.0754174670626994,0.0789715336191713,15
"Atlanta Hawks vs Cleveland Cavaliers","2015-16","Atlanta Hawks","Cleveland Cavaliers",0,1610612737,1610612739,-0.11,-2.4,-0.00600000000000001,-0.016515585493858,-5.60000000000001,-3.10000000000001,-0.00800000000000001,-0.06,0.00900000000000001,-2.5,0.017109756097561,-2.48289024390244,-1,-0.053544612549409,-0.0589224872797933,-19.3333333333333
"Charlotte Hornets vs Miami Heat","2015-16","Charlotte Hornets","Miami Heat",0,1610612766,1610612748,0,1,0,0.127170795015013,0.900000000000006,0,-0.00600000000000001,-0.036,-0.019,0.9,-0.00670731707317096,0.89329268292684,0,-0.0115507388282122,-0.000571400843198733,4
"Cleveland Cavaliers vs Detroit Pistons","2015-16","Cleveland Cavaliers","Detroit Pistons",1,1610612739,1610612765,0.158,6,0.036,0.049406931308523,4.90000000000001,-1,0.033,-0.019,0.00299999999999997,5.90000000000001,-0.012012195121951,5.88798780487805,-0.5,0.000432106326573201,0.00729032982985289,-3.5
"Cleveland Cavaliers vs Golden State Warriors","2015-16","Cleveland Cavaliers","Golden State Warriors",1,1610612739,1610612744,-0.195,-4.3,-0.0349999999999999,-0.00956464406701096,-3.3,1.10000000000001,-0.0389999999999999,0.027,-0.00700000000000001,-4.4,-0.00132926829268298,-4.40132926829271,-1,-0.114016064566566,-0.11358478982318,-40
"Cleveland Cavaliers vs Toronto Raptors","2015-16","Cleveland Cavaliers","Toronto Raptors",1,1610612739,1610612761,0.0119999999999999,1.9,0.00600000000000001,0.065347598723722,0.900000000000006,-0.899999999999991,0.02,-0.00600000000000001,0.00399999999999998,1.8,-0.00295121951219501,1.7970487804878,-0.333333333333333,0.0341855368275445,0.0251744796093002,10.6666666666667
"Dallas Mavericks vs Oklahoma City Thunder","2015-16","Dallas Mavericks","Oklahoma City Thunder",0,1610612742,1610612760,-0.159,-7.8,-0.0209999999999999,0.064780357632536,-6.59999999999999,1.10000000000001,-0.022,-0.106,-0.03,-7.70000000000001,0.0142926829268291,-7.68570731707317,-1,-0.0398621752617778,-0.0555972970623755,-19
"Golden State Warriors vs Houston Rockets","2015-16","Golden State Warriors","Houston Rockets",1,1610612744,1610612745,0.39,10.6,0.0399999999999999,-0.00788130028122702,6.2,-4.5,0.0469999999999999,-0.03,-0.011,10.7,-0.0185975609756101,10.6814024390244,1,0.0343220668382762,0.0617485107646147,24.6666666666667
"Golden State Warriors vs Oklahoma City Thunder","2015-16","Golden State Warriors","Oklahoma City Thunder",1,1610612744,1610612760,0.219,3.2,0.028,0.08742180824401,1.40000000000001,-2,0.0389999999999999,-0.08,-0.012,3.4,-0.008768292682927,3.3912317073171,1,0.0412657303999556,0.0675416299744611,17.3333333333333
"Golden State Warriors vs Portland Trail Blazers","2015-16","Golden State Warriors","Portland Trail Blazers",1,1610612744,1610612757,0.353,9.8,0.0449999999999999,0.030243558648364,5.90000000000001,-4,0.0519999999999999,-0.027,0,9.9,-0.018134146341463,9.88186585365856,0.5,0.0472507706140022,0.0467449106064107,14.5
"Indiana Pacers vs Toronto Raptors","2015-16","Indiana Pacers","Toronto Raptors",0,1610612754,1610612761,-0.134,-2.8,-0.016,-0.016712847711604,-5.5,-2.59999999999999,-0.00700000000000001,-0.029,0.012,-2.90000000000001,0.014426829268293,-2.88557317073171,-0.5,-0.0288494128127003,-0.0158340597001954,-5.5
"LA Clippers vs Portland Trail Blazers","2015-16","LA Clippers","Portland Trail Blazers",0,1610612746,1610612757,0.109,3.7,0.00800000000000001,-0.00780575394423599,-0.399999999999991,-4.09999999999999,0.013,-0.06,-0.017,3.7,-0.010231707317073,3.68976829268293,0.5,0.0272508062273353,0.0398381199290552,8.5
"Memphis Grizzlies vs San Antonio Spurs","2015-16","Memphis Grizzlies","San Antonio Spurs",0,1610612763,1610612759,-0.305,-13.5,-0.0399999999999999,-0.00158138169882399,-4.59999999999999,8.89999999999999,-0.049,0.032,0.002,-13.5,0.011609756097561,-13.4883902439024,-1,-0.0947584293747136,-0.104028568938208,-25
"Miami Heat vs Toronto Raptors","2015-16","Miami Heat","Toronto Raptors",0,1610612748,1610612761,-0.0980000000000001,-2.7,-0.00700000000000001,-0.066155022537691,-3.8,-1.09999999999999,0.004,-0.02,0.00899999999999998,-2.7,0.010146341463415,-2.68985365853659,-0.5,-0.052067063469071,-0.0370713280567537,-11
"Oklahoma City Thunder vs San Antonio Spurs","2015-16","Oklahoma City Thunder","San Antonio Spurs",1,1610612760,1610612759,-0.146,-3.7,0.001,0.051306108476766,2.8,6.59999999999999,-0.002,0.081,0.024,-3.8,0.005792682926829,-3.7942073170732,0,0.0316617780559171,0.0209225750863379,6.5
"Atlanta Hawks vs Washington Wizards","2016-17","Atlanta Hawks","Washington Wizards",0,1610612737,1610612764,-0.074,-2.4,-0.0229999999999999,0.024471072350447,-5.90000000000001,-3.59999999999999,-0.024,-0.004,0.017,-2.30000000000001,0.00123170731707301,-2.29876829268294,-0.5,-0.00751693920528218,-0.0122259340326815,-9
"Boston Celtics vs Chicago Bulls","2016-17","Boston Celtics","Chicago Bulls",1,1610612738,1610612741,0.146,2.3,0.0369999999999999,0.136455595983979,4.09999999999999,1.8,0.038,-0.052,-0.004,2.29999999999999,-0.00667073170731702,2.29332926829268,0,0.0798233693453113,0.104861356566505,10
"Boston Celtics vs Cleveland Cavaliers","2016-17","Boston Celtics","Cleveland Cavaliers",0,1610612738,1610612739,0.024,-0.5,-0.013,-0.00624731748729601,-2.2,-1.7,-0.022,-0.005,-0.004,-0.5,-0.00562195121951203,-0.50562195121951,-0.5,-0.0157764701497665,-0.0135331460434222,-15.5
"Boston Celtics vs Washington Wizards","2016-17","Boston Celtics","Washington Wizards",1,1610612738,1610612764,0.048,0.9,0.003,0.108429026464163,0.199999999999989,-0.799999999999997,-0.003,-0.027,-0.00699999999999998,0.99999999999998,-0.00070731707317101,0.99929268292681,0,-0.00557931399909073,-0.00919931131056084,-11.5
"Cleveland Cavaliers vs Golden State Warriors","2016-17","Cleveland Cavaliers","Golden State Warriors",0,1610612739,1610612744,-0.195,-8.3,-0.017,0.040286049792601,-2,6.3,-0.0159999999999999,-0.00800000000000001,-0.00599999999999998,-8.30000000000001,0.005768292682927,-8.29423170731712,0,-0.133373643610332,-0.135416228508334,-34
"Cleveland Cavaliers vs Indiana Pacers","2016-17","Cleveland Cavaliers","Indiana Pacers",1,1610612739,1610612754,0.11,3.3,0.0219999999999999,0.127143052007713,4.89999999999999,1.60000000000001,0.031,0.00900000000000001,-0.000999999999999973,3.29999999999998,0.00384146341463404,3.30384146341461,0.5,0.0238070112596758,0.0207505078635329,9.5
"Cleveland Cavaliers vs Toronto Raptors","2016-17","Cleveland Cavaliers","Toronto Raptors",1,1610612739,1610612761,0,-1.2,0.0189999999999999,0.110586884784013,1.39999999999999,2.60000000000001,0.03,-0.027,0.00800000000000001,-1.20000000000002,0.007280487804878,-1.19271951219514,0.5,0.0335331564269995,0.0301357801464085,-2
"Golden State Warriors vs Portland Trail Blazers","2016-17","Golden State Warriors","Portland Trail Blazers",1,1610612744,1610612757,0.317,12,0.0379999999999999,0.036964909210603,5.39999999999999,-6.59999999999999,0.0429999999999999,0.003,0.00699999999999998,12,-0.016060975609756,11.9839390243903,1,0.0944090487879149,0.0881759193360152,39
"Golden State Warriors vs San Antonio Spurs","2016-17","Golden State Warriors","San Antonio Spurs",1,1610612744,1610612759,0.073,4,0.033,0.078083436171672,4.5,0.5,0.0389999999999999,-0.00999999999999995,0.005,4.00000000000001,-0.00459756097560998,3.99540243902444,-0.333333333333333,-0.0572476302902223,-0.0406957111145806,-26
"Golden State Warriors vs Utah Jazz","2016-17","Golden State Warriors","Utah Jazz",1,1610612744,1610612762,0.195,7.1,0.034,0.032192677531489,5.8,-1.3,0.0369999999999999,0.002,-0.002,7.1,-0.010243902439025,7.08975609756101,0.333333333333333,0.0715826447211689,0.0660021000160935,20.6666666666667
"Houston Rockets vs Oklahoma City Thunder","2016-17","Houston Rockets","Oklahoma City Thunder",1,1610612745,1610612760,0.0980000000000001,4.9,0.0429999999999999,0.167088606706167,6.19999999999999,1.30000000000001,0.045,-0.042,-0.002,4.89999999999998,-0.00731707317073194,4.89268292682924,0.5,0.0308875221167645,0.049956878908475,7.5
"Houston Rockets vs San Antonio Spurs","2016-17","Houston Rockets","San Antonio Spurs",0,1610612745,1610612759,-0.073,-1.7,0.019,0.181508228907558,3.8,5.5,0.021,-0.000999999999999945,0.00900000000000001,-1.7,0.00490243902439003,-1.69509756097561,-0.5,-0.0323873321697562,-0.0265351333920067,-4
"LA Clippers vs Utah Jazz","2016-17","LA Clippers","Utah Jazz",0,1610612746,1610612762,0,0.100000000000001,0.011,0.002548033750223,2.8,2.8,0.011,-0.014,-0.015,0,0.00282926829268293,0.00282926829268071,0.5,0.0384592044193309,0.0336479903526845,18
"Memphis Grizzlies vs San Antonio Spurs","2016-17","Memphis Grizzlies","San Antonio Spurs",0,1610612763,1610612759,-0.22,-6.9,-0.0289999999999999,0.035717449800467,-3.3,3.59999999999999,-0.033,0.013,-0.00399999999999998,-6.89999999999999,0.017719512195122,-6.88228048780486,0,-0.00510843340707912,-0.0161067884818428,5
"Milwaukee Bucks vs Toronto Raptors","2016-17","Milwaukee Bucks","Toronto Raptors",0,1610612749,1610612761,-0.11,-4.5,0.00399999999999989,0.00127626313735402,-2.90000000000001,1.60000000000001,0.01,-0.031,0.014,-4.50000000000001,0.00923170731707296,-4.49076829268294,-0.5,-0.059256515099949,-0.0469693053606223,-18.5
"Boston Celtics vs Cleveland Cavaliers","2017-18","Boston Celtics","Cleveland Cavaliers",0,1610612738,1610612739,0.0610000000000001,2.6,-0.0319999999999999,-0.022004589876486,-5.2,-7.89999999999999,-0.029,0.02,0.00499999999999998,2.69999999999998,0.000743902439025002,2.70074390243901,-0.333333333333333,-0.0400707422485931,-0.0286911460271241,-7.33333333333333
"Boston Celtics vs Milwaukee Bucks","2017-18","Boston Celtics","Milwaukee Bucks",1,1610612738,1610612749,0.134,3.8,-0.0189999999999999,0.059935013134802,-2.2,-5.89999999999999,-0.013,0.019,0.002,3.69999999999998,-0.00862195121951198,3.69137804878048,0,-0.0149498126734164,-0.0110138135135359,3
"Boston Celtics vs Philadelphia 76ers","2017-18","Boston Celtics","Philadelphia 76ers",1,1610612738,1610612755,0.037,-1,-0.0159999999999999,0.012812756584468,-1.7,-0.700000000000003,-0.017,-0.023,-0.019,-1,-0.00851219512195101,-1.00851219512195,0.5,0.0234091651399387,0.020831736159945,11.5
"Cleveland Cavaliers vs Golden State Warriors","2017-18","Cleveland Cavaliers","Golden State Warriors",0,1610612739,1610612744,-0.097,-4.9,-0.019,0.039833663374501,-0.799999999999997,4.3,-0.0219999999999999,0,-0.014,-5.09999999999999,-0.00398780487804901,-5.10398780487804,-1,-0.0842655554711327,-0.0896207392000533,-17
"Cleveland Cavaliers vs Indiana Pacers","2017-18","Cleveland Cavaliers","Indiana Pacers",1,1610612739,1610612754,0.025,-0.3,0.0269999999999999,0.095502515395561,3.5,3.8,0.022,-0.028,0.003,-0.299999999999994,-0.00792682926829297,-0.30792682926829,-0.5,-0.00749504483512853,-0.0166485096154609,-8
"Cleveland Cavaliers vs Toronto Raptors","2017-18","Cleveland Cavaliers","Toronto Raptors",1,1610612739,1610612761,-0.11,-6.7,0.00900000000000001,0.00196156312500501,-1,5.8,0.00800000000000001,-0.031,0.004,-6.79999999999999,0.000756097560975,-6.79924390243902,0.333333333333333,0.0221758160280721,-0.00572420913767735,-16.6666666666667
"Golden State Warriors vs Houston Rockets","2017-18","Golden State Warriors","Houston Rockets",1,1610612744,1610612745,-0.0860000000000001,-2.5,0.013,-0.163014715405162,-1.3,1.09999999999999,0.0179999999999999,-0.011,0.012,-2.39999999999999,0.00358536585365904,-2.39641463414633,-0.333333333333333,0.0655407352533202,0.0581348859573786,0.666666666666667
"Golden State Warriors vs New Orleans Pelicans","2017-18","Golden State Warriors","New Orleans Pelicans",1,1610612744,1610612740,0.122,4.8,0.03,0.020153996821882,4.3,-0.600000000000009,0.0279999999999999,0.003,0.00800000000000001,4.90000000000001,-0.0108658536585369,4.88913414634147,0.5,0.030701818064968,0.0251335290121842,13.5
"Golden State Warriors vs San Antonio Spurs","2017-18","Golden State Warriors","San Antonio Spurs",1,1610612744,1610612759,0.134,2.9,0.0599999999999999,0.056977988033048,5.7,2.7,0.0619999999999999,-0.034,0.016,3,-0.008024390243902,2.9919756097561,0.5,0.0699370661966577,0.0716391419855614,13
"Houston Rockets vs Minnesota Timberwolves","2017-18","Houston Rockets","Minnesota Timberwolves",1,1610612745,1610612750,0.22,6.1,0.024,0.241241182999933,1.59999999999999,-4.5,0.028,-0.035,0.013,6.09999999999999,-0.014451219512196,6.0855487804878,1,0.0847865804834562,0.0824847102578327,31.5
"Houston Rockets vs Utah Jazz","2017-18","Houston Rockets","Utah Jazz",1,1610612745,1610612762,0.208,4,0.026,0.145686579755016,6.69999999999999,2.7,0.024,-0.002,-0.011,3.99999999999998,-0.02069512195122,3.97930487804876,1,0.100604964934854,0.10548697180394,35
"Miami Heat vs Philadelphia 76ers","2017-18","Miami Heat","Philadelphia 76ers",0,1610612748,1610612755,-0.097,-4.2,-0.0169999999999999,0.013690265276109,-2.3,1.89999999999999,-0.015,-0.025,-0.015,-4.19999999999998,-0.007780487804878,-4.20778048780486,0,0.00884264913661248,0.0113881106297188,1
"New Orleans Pelicans vs Portland Trail Blazers","2017-18","New Orleans Pelicans","Portland Trail Blazers",1,1610612740,1610612757,-0.013,-1.6,0.0239999999999999,-0.00431897472972603,0.0999999999999943,1.7,0.03,-0.039,0.00599999999999998,-1.60000000000001,0.00271951219512195,-1.59728048780489,0,0.0659101403302945,0.0577909900138086,-0.5
"Oklahoma City Thunder vs Utah Jazz","2017-18","Oklahoma City Thunder","Utah Jazz",0,1610612760,1610612762,0,-0.7,-0.0179999999999999,-0.011808976633936,2.69999999999999,3.40000000000001,-0.013,0.064,-0.00900000000000001,-0.70000000000002,-0.010109756097561,-0.71010975609758,0.5,0.0194355932728705,0.0284191592696159,19.5
"Toronto Raptors vs Washington Wizards","2017-18","Toronto Raptors","Washington Wizards",1,1610612761,1610612764,0.196,7.3,0.0149999999999999,0.067686638518866,4.90000000000001,-2.40000000000001,0.014,0,-0.013,7.30000000000001,-0.014195121951219,7.28580487804879,0,-0.00131791712347429,0.00243085236928353,1
"Boston Celtics vs Indiana Pacers","2018-19","Boston Celtics","Indiana Pacers",1,1610612738,1610612754,0.013,0.9,0.00599999999999989,0.089451930735556,1.89999999999999,1,0.004,-0.012,-0.012,0.89999999999999,0.00264634146341503,0.902646341463401,0.5,0.0885816901856443,0.0932967889458031,24
"Boston Celtics vs Milwaukee Bucks","2018-19","Boston Celtics","Milwaukee Bucks",0,1610612738,1610612749,-0.134,-4.3,-0.016,-0.038375931954629,-2.2,2.09999999999999,-0.016,0.00700000000000001,-0.00600000000000001,-4.29999999999999,0.00921951219512201,-4.29078048780488,-0.333333333333333,-0.0609229052249122,-0.0603887764693392,-6.66666666666667
"Brooklyn Nets vs Philadelphia 76ers","2018-19","Brooklyn Nets","Philadelphia 76ers",0,1610612751,1610612755,-0.11,-2.7,-0.0179999999999999,0.060919349481197,-2.69999999999999,0,-0.012,0.00399999999999995,0.002,-2.69999999999998,0.00389024390243903,-2.69610975609755,0,-0.00370252484677103,0.0046292858792859,6.5
"Denver Nuggets vs Portland Trail Blazers","2018-19","Denver Nuggets","Portland Trail Blazers",0,1610612743,1610612757,0.013,-0.2,-0.0099999999999999,0.00888272066970097,-1.60000000000001,-1.40000000000001,-0.001,0,-0.001,-0.2,-0.000329268292683094,-0.20032926829269,0.5,0.00927937640352372,0.0175645006215286,3
"Denver Nuggets vs San Antonio Spurs","2018-19","Denver Nuggets","San Antonio Spurs",1,1610612743,1610612759,0.0740000000000001,2.4,-0.0139999999999999,0.062451269853798,-0.100000000000009,-2.5,-0.00700000000000001,0.062,0.014,2.39999999999999,0.00429268292682894,2.40429268292682,0,0.0321270400411013,0.0442969313191553,11
"Detroit Pistons vs Milwaukee Bucks","2018-19","Detroit Pistons","Milwaukee Bucks",0,1610612765,1610612749,-0.232,-8.9,-0.0389999999999999,-0.025180869760051,-5.09999999999999,3.8,-0.041,0.041,0.00700000000000001,-8.89999999999999,0.013256097560975,-8.88674390243902,-1,-0.108001419915345,-0.112398116314246,-29.5
"Golden State Warriors vs Houston Rockets","2018-19","Golden State Warriors","Houston Rockets",1,1610612744,1610612745,0.0489999999999999,1.7,0.015,-0.135831553578885,0.0999999999999943,-1.5,0.0229999999999999,-0.012,0.004,1.6,-0.00596341463414601,1.59403658536584,-0.5,-0.00919065296469235,0.00582104562295194,-13
"Golden State Warriors vs LA Clippers","2018-19","Golden State Warriors","LA Clippers",1,1610612744,1610612746,0.11,5.5,0.021,0.088575262554314,3.59999999999999,-1.80000000000001,0.0359999999999999,-0.00600000000000001,-0.00199999999999997,5.40000000000001,-0.00656097560975605,5.39343902439025,0.5,0.0159188453228766,0.0313006548900361,21
"Golden State Warriors vs Portland Trail Blazers","2018-19","Golden State Warriors","Portland Trail Blazers",1,1610612744,1610612757,0.0489999999999999,2.3,0.028,0.044340981925657,1.3,-0.900000000000006,0.0369999999999999,-0.051,0.002,2.20000000000001,-0.00774390243902406,2.19225609756097,0,0.0567028831960802,0.0718548144969112,7.5
"Golden State Warriors vs Toronto Raptors","2018-19","Golden State Warriors","Toronto Raptors",0,1610612744,1610612761,-0.012,0.7,0.017,0.00431430013758999,2.40000000000001,1.8,0.0219999999999999,-0.00800000000000001,0.001,0.60000000000001,0.01319512195122,0.61319512195122,-1,-0.0587225768173,-0.0437462575575291,-23
"Houston Rockets vs Utah Jazz","2018-19","Houston Rockets","Utah Jazz",1,1610612745,1610612762,0.036,-0.2,0.00900000000000001,0.12565977386301,4.60000000000001,4.8,0.004,-0.00600000000000001,-0.014,-0.19999999999999,0.00269512195122001,-0.19730487804877,0,-0.013872834930576,-0.0102567536977674,-3
"Milwaukee Bucks vs Toronto Raptors","2018-19","Milwaukee Bucks","Toronto Raptors",0,1610612749,1610612761,0.025,2.8,0.004,0.040159463042633,0.900000000000006,-1.89999999999999,0.00700000000000001,-0.015,-0.005,2.79999999999999,-0.003743902439024,2.79625609756097,0.5,0.0751561207726514,0.0762152260530062,13
"Oklahoma City Thunder vs Portland Trail Blazers","2018-19","Oklahoma City Thunder","Portland Trail Blazers",0,1610612760,1610612757,-0.048,-0.8,-0.0229999999999999,0.00808909810659497,-3.90000000000001,-3,-0.014,-0.01,-0.003,-0.9,-0.002256097560976,-0.90225609756099,1,0.0408800148332326,0.0502418741262165,14
"Orlando Magic vs Toronto Raptors","2018-19","Orlando Magic","Toronto Raptors",0,1610612753,1610612761,-0.195,-5.2,-0.0289999999999999,-0.018989825982362,-4.39999999999999,0.799999999999997,-0.025,-0.00600000000000001,-0.005,-5.19999999999999,0.00757317073170699,-5.19242682926829,0,0.023723845041896,0.0225544086643407,15
"Philadelphia 76ers vs Toronto Raptors","2018-19","Philadelphia 76ers","Toronto Raptors",0,1610612755,1610612761,-0.085,-3.2,-0.005,-0.037285814418345,-1,2.2,-0.011,0.013,0.00599999999999998,-3.20000000000001,0.00518292682926796,-3.19481707317074,-0.5,0.0287494186819026,0.0218535097106104,-7.5
"Boston Celtics vs Miami Heat","2019-20","Boston Celtics","Miami Heat",0,1610612738,1610612748,0.0640000000000001,3.6,-0.017,-0.033779526924688,0.899999999999991,-2.8,-0.016,0.026,-0.012,3.69999999999999,-0.001783295281583,3.6982167047184,0.333333333333333,0.0313486727901304,0.0312791098587342,14
"Boston Celtics vs Philadelphia 76ers","2019-20","Boston Celtics","Philadelphia 76ers",1,1610612738,1610612755,0.0780000000000001,4,0.004,0.02618720106448,2.09999999999999,-1.90000000000001,-0.003,0.00199999999999995,-0.00499999999999998,4,-0.00938603500761098,3.99061396499239,-0.5,-0.0221438144123945,-0.0149474693368166,-5
"Boston Celtics vs Toronto Raptors","2019-20","Boston Celtics","Toronto Raptors",1,1610612738,1610612761,-0.069,0.2,-0.004,-0.034927660105676,2,1.8,-0.005,0.027,-0.00899999999999998,0.20000000000001,-0.00112500000000004,0.198875,0.5,-0.0330220571909664,-0.0421917675914281,14
"Brooklyn Nets vs Toronto Raptors","2019-20","Brooklyn Nets","Toronto Raptors",0,1610612751,1610612761,-0.25,-6.6,-0.0199999999999999,0.00196291397438098,-2.09999999999999,4.5,-0.016,0.024,0.002,-6.59999999999999,-0.001652777777777,-6.60165277777777,-0.5,0.0184025760713584,0.00895918432087095,-9
"Dallas Mavericks vs LA Clippers","2019-20","Dallas Mavericks","LA Clippers",0,1610612742,1610612746,-0.108,-1.5,0.004,0.081931666440666,2.60000000000001,4.3,0.01,-0.003,-0.016,-1.69999999999999,-0.00650166666666696,-1.70650166666665,-1,-0.00718059840660223,-0.0140289189348602,-22
"Denver Nuggets vs LA Clippers","2019-20","Denver Nuggets","LA Clippers",1,1610612743,1610612746,-0.051,-4.1,-0.01,-0.030769286128956,-0.700000000000003,3.5,0,0.016,-0.00299999999999997,-4.2,-2.56849315070085e-05,-4.20002568493151,-0.333333333333333,-0.0510451669035189,-0.0476884269258405,-21.3333333333333
"Denver Nuggets vs Los Angeles Lakers","2019-20","Denver Nuggets","Los Angeles Lakers",0,1610612743,1610612747,-0.102,-3.4,-0.00600000000000001,-0.013304806163615,0.899999999999991,4.30000000000001,-0.00700000000000001,0.011,-0.00999999999999998,-3.40000000000002,-0.00885491028362007,-3.40885491028364,-0.5,0.0146587562489188,-0.00394757843953297,4
"Denver Nuggets vs Utah Jazz","2019-20","Denver Nuggets","Utah Jazz",1,1610612743,1610612762,0.019,-0.3,-0.018,-0.069538241512,0.799999999999997,1.10000000000001,-0.014,0.033,-0.013,-0.30000000000001,0.00682153729071494,-0.2931784627093,1,-0.0200823146124159,-0.0377510833393186,7.33333333333333
"Houston Rockets vs Los Angeles Lakers","2019-20","Houston Rockets","Los Angeles Lakers",0,1610612745,1610612747,-0.121,-2.9,0.005,0.143135016968563,0.799999999999997,3.7,-0.005,-0.034,-0.00899999999999998,-2.90000000000001,-0.011343114241002,-2.91134311424101,0.333333333333333,0.0478151669402198,0.0426101114431285,11.3333333333333
"Houston Rockets vs Oklahoma City Thunder","2019-20","Houston Rockets","Oklahoma City Thunder",1,1610612745,1610612760,0,0.6,0.005,0.148103745691465,2.40000000000001,1.7,0.00700000000000001,0.00800000000000001,0.003,0.7,-0.00336111111111093,0.69663888888889,-0.333333333333333,-0.0387836095498915,-0.0467968593488373,-14.6666666666667
"Indiana Pacers vs Miami Heat","2019-20","Indiana Pacers","Miami Heat",0,1610612754,1610612748,0.013,-0.8,-0.022,-0.102615102104028,-2.40000000000001,-1.8,-0.013,-0.014,-0.017,-0.60000000000001,-0.00186301369862996,-0.60186301369864,-0.5,-0.00583532272227816,0.00454263898077201,-10
"Los Angeles Lakers vs Miami Heat","2019-20","Los Angeles Lakers","Miami Heat",1,1610612747,1610612748,0.129,2.9,-0.014,-0.061847723181269,-0.200000000000003,-3.2,-0.005,0.026,0,3,0.018101485626086,3.01810148562608,1,0.0441575072854008,0.0762266772264891,18
"Los Angeles Lakers vs Portland Trail Blazers","2019-20","Los Angeles Lakers","Portland Trail Blazers",1,1610612747,1610612757,0.259,6.7,0.003,-0.016496704367515,-1.5,-8.2,0.00900000000000001,0.017,0.023,6.7,-0.00160658545869796,6.6983934145413,0.333333333333333,0.0230733668684707,0.0321316234585112,15.3333333333333
"Miami Heat vs Milwaukee Bucks","2019-20","Miami Heat","Milwaukee Bucks",1,1610612748,1610612749,-0.164,-6.7,0.004,-0.00835919127573298,0,6.8,-0.005,0.016,0.00700000000000001,-6.8,0.010712328767123,-6.78928767123287,0.333333333333333,-0.000939691924077612,0.00722164076024345,4.66666666666667
"Milwaukee Bucks vs Orlando Magic","2019-20","Milwaukee Bucks","Orlando Magic",1,1610612749,1610612753,0.315,10.7,0.0389999999999999,0.063894132524959,4,-6.7,0.046,-0.026,0.013,10.7,-0.025246575342466,10.6747534246575,1,0.0987950963652826,0.121748175230003,34
"Atlanta Hawks vs Milwaukee Bucks","2020-21","Atlanta Hawks","Milwaukee Bucks",0,1610612737,1610612749,-0.0700000000000001,-3.6,-0.012,-0.021358967238082,-2.2,1.39999999999999,-0.0269999999999999,0.015,-0.001,-3.6,0.00291666666666701,-3.59708333333333,-0.333333333333333,-0.00649221581747272,-0.0166755323118638,-12
"Atlanta Hawks vs New York Knicks","2020-21","Atlanta Hawks","New York Knicks",1,1610612737,1610612752,0,-0.2,0.0219999999999999,0.034953301504058,4.09999999999999,4.3,0.015,0.02,0,-0.20000000000001,0,-0.2,-1,-0.0743136306559566,-0.0845524472079373,-17.3333333333333
"Atlanta Hawks vs Philadelphia 76ers","2020-21","Atlanta Hawks","Philadelphia 76ers",1,1610612737,1610612755,-0.112,-3.3,0.002,0.035771430982175,1.8,5.09999999999999,-0.002,0.00699999999999995,-0.00999999999999998,-3.3,0.00466666666666699,-3.29533333333333,-0.333333333333333,-0.0619247804691932,-0.086583604080432,-32
"Boston Celtics vs Brooklyn Nets","2020-21","Boston Celtics","Brooklyn Nets",0,1610612738,1610612751,-0.167,-3,-0.036,-0.00442166362293001,-4.2,-1.3,-0.0319999999999999,0.037,0.00699999999999998,-2.9,0.00695833333333301,-2.89304166666667,-1,-0.119065434234745,-0.0941816646650385,-30
"Brooklyn Nets vs Milwaukee Bucks","2020-21","Brooklyn Nets","Milwaukee Bucks",0,1610612751,1610612749,0.028,-1.6,0.017,0.00963810933240999,0.799999999999997,2.39999999999999,0.00900000000000001,-0.017,0,-1.6,-0.00116666666666598,-1.60116666666666,-0.333333333333333,0.0588231092156113,0.0608205782312925,-4.66666666666667
"Dallas Mavericks vs LA Clippers","2020-21","Dallas Mavericks","LA Clippers",0,1610612742,1610612746,-0.0700000000000001,-3.8,-0.017,0.03626393334287,-2.10000000000001,1.7,-0.0139999999999999,-0.017,-0.012,-3.80000000000001,0.00291666666666601,-3.79708333333334,0.333333333333333,0.116617466438345,0.118612326229361,38
"Denver Nuggets vs Phoenix Suns","2020-21","Denver Nuggets","Phoenix Suns",0,1610612743,1610612756,-0.0549999999999999,-1.1,-0.00900000000000001,-0.00832452860470001,0,1.09999999999999,-0.0069999999999999,0.044,0.01,-1.09999999999999,0.00229166666666697,-1.09770833333333,0.333333333333333,-0.0267028832720567,-0.0288500846129827,6
"Denver Nuggets vs Portland Trail Blazers","2020-21","Denver Nuggets","Portland Trail Blazers",1,1610612743,1610612757,0.0700000000000001,3,0.011,-0.064785258511621,-0.799999999999997,-3.8,0.017,0.019,0.024,3,-0.00291666666666601,2.99708333333333,0.333333333333333,-0.052365729259693,-0.0583966867833863,-6.66666666666667
"LA Clippers vs Phoenix Suns","2020-21","LA Clippers","Phoenix Suns",0,1610612746,1610612756,-0.0549999999999999,0.199999999999999,0.002,0.00849805069979898,0.400000000000006,0.199999999999989,0,0.022,0.00900000000000001,0.200000000000021,0.00229166666666697,0.20229166666668,0.333333333333333,0.019822327872307,0.0419094626455054,4.66666666666667
"LA Clippers vs Utah Jazz","2020-21","LA Clippers","Utah Jazz",1,1610612746,1610612762,-0.069,-2.9,0.002,-0.088143188981771,0.200000000000003,3.09999999999999,0.001,-0.014,-0.00699999999999998,-2.89999999999999,0.00287499999999996,-2.89712499999999,-0.333333333333333,-0.0180613674238256,-0.0293785452513903,-13.3333333333333
"Los Angeles Lakers vs Phoenix Suns","2020-21","Los Angeles Lakers","Phoenix Suns",0,1610612747,1610612756,-0.125,-3,-0.028,-0.028938023033721,-6.5,-3.60000000000001,-0.0279999999999999,0.021,0.026,-2.89999999999999,0.00520833333333298,-2.89479166666666,-0.333333333333333,-0.054138073315306,-0.0518661864807781,-9.33333333333333
"Memphis Grizzlies vs Utah Jazz","2020-21","Memphis Grizzlies","Utah Jazz",0,1610612763,1610612762,-0.194,-7.8,-0.0369999999999999,-0.146628413264979,-4.8,3,-0.0349999999999999,0.001,-0.011,-7.8,0.008083333333333,-7.79191666666666,-1,-0.0518604110832644,-0.0607203317323843,-15.3333333333333
"Miami Heat vs Milwaukee Bucks","2020-21","Miami Heat","Milwaukee Bucks",0,1610612748,1610612749,-0.083,-5.9,-0.012,0.028462004999035,-5.90000000000001,0,-0.0199999999999999,-0.029,0.00999999999999998,-5.90000000000001,0.00345833333333401,-5.89654166666667,-0.333333333333333,-0.0449211439929388,-0.0481722990283624,-33.3333333333333
"Milwaukee Bucks vs Phoenix Suns","2020-21","Milwaukee Bucks","Phoenix Suns",1,1610612749,1610612756,-0.069,-0.100000000000001,-0.004,0.012087952885035,0.200000000000003,0.299999999999997,0.002,0.021,0.00800000000000001,-0.0999999999999899,-0.00366666666666704,-0.10366666666666,-1,-0.00535552546244555,-0.0209747789812087,-2
"Philadelphia 76ers vs Washington Wizards","2020-21","Philadelphia 76ers","Washington Wizards",1,1610612755,1610612764,0.209,7.1,0.01,0.02772705170484,1.8,-5.3,0.01,0.027,0.00599999999999998,7.09999999999999,-0.00870833333333398,7.09129166666666,1,0.0718591756657045,0.0647353767049516,24.6666666666667
"Atlanta Hawks vs Miami Heat","2021-22","Atlanta Hawks","Miami Heat",0,1610612737,1610612748,-0.122,-2.9,-0.003,-0.032615974996501,2.40000000000001,5.3,-0.004,-0.00900000000000001,-0.029,-2.89999999999999,0.00417073170731697,-2.89582926829268,-0.5,-0.0385013168778128,-0.0421221092472092,-16
"Boston Celtics vs Brooklyn Nets","2021-22","Boston Celtics","Brooklyn Nets",1,1610612738,1610612751,0.085,6.5,0.002,0.065877375843253,0.399999999999991,-6.09999999999999,0.002,-0.004,-0.00199999999999997,6.49999999999998,-0.00534146341463398,6.49465853658535,0.5,0.067667429008055,0.0595533211311671,22.5
"Boston Celtics vs Golden State Warriors","2021-22","Boston Celtics","Golden State Warriors",0,1610612738,1610612744,-0.024,1.9,-0.004,-0.031180747074043,1.5,-0.399999999999991,-0.01,0.00800000000000001,-0.011,1.89999999999999,-0.00686585365853692,1.89313414634145,0,0.0694737434131858,0.066973733044824,18
"Boston Celtics vs Miami Heat","2021-22","Boston Celtics","Miami Heat",1,1610612738,1610612748,-0.024,2.9,-0.00600000000000001,0.00252138281667502,0.599999999999994,-2.2,-0.005,-0.001,-0.00999999999999998,2.8,-1.21951219509975e-05,2.79998780487804,0.333333333333333,0.0566592258626196,0.0474955843382451,26
"Boston Celtics vs Milwaukee Bucks","2021-22","Boston Celtics","Milwaukee Bucks",1,1610612738,1610612749,0,4.2,-0.002,-0.00509414721686402,-0.700000000000003,-4.89999999999999,-0.004,0.00800000000000001,0.00600000000000001,4.19999999999999,0.00178048780487805,4.20178048780486,0,0.0444713146568447,0.038456978851212,6.5
"Chicago Bulls vs Milwaukee Bucks","2021-22","Chicago Bulls","Milwaukee Bucks",0,1610612741,1610612749,-0.0609999999999999,-3.7,-0.001,-0.098122212706288,-1.59999999999999,2.10000000000001,-0.005,-0.02,-0.003,-3.7,0.00356097560975605,-3.69643902439025,-1,-0.0839714204057144,-0.0796020534975302,-29.5
"Dallas Mavericks vs Golden State Warriors","2021-22","Dallas Mavericks","Golden State Warriors",0,1610612742,1610612744,-0.012,-2,-0.01,-0.017205665462322,0.400000000000006,2.5,-0.014,-0.013,-0.02,-2.09999999999999,-0.00906097560975594,-2.10906097560975,0.5,-0.00980152551029823,-0.0301176740958687,-3
"Dallas Mavericks vs Phoenix Suns","2021-22","Dallas Mavericks","Phoenix Suns",1,1610612742,1610612756,-0.146,-4,-0.00900000000000001,0.08465972415816,-1.7,2.3,-0.011,-0.00800000000000001,0.001,-4,0.01159756097561,-3.98840243902439,-1,-0.0415235397734111,-0.04249346829992,-15.3333333333333
"Dallas Mavericks vs Utah Jazz","2021-22","Dallas Mavericks","Utah Jazz",1,1610612742,1610612762,0.036,-2.7,-0.017,-0.029391614743477,-3.7,-0.900000000000006,-0.017,-0.044,-0.013,-2.79999999999999,-0.002780487804878,-2.80278048780487,0,0.0109723634573193,0.00819470428411817,6.5
"Denver Nuggets vs Golden State Warriors","2021-22","Denver Nuggets","Golden State Warriors",0,1610612743,1610612744,-0.0610000000000001,-3.2,0.00800000000000001,-0.040027229633003,1.7,4.90000000000001,0.004,-0.001,-0.004,-3.2,-0.00623170731707295,-3.20623170731708,0.5,-0.0204817862805186,-0.0382096042085136,0
"Golden State Warriors vs Memphis Grizzlies","2021-22","Golden State Warriors","Memphis Grizzlies",1,1610612744,1610612763,-0.037,0.2,0.0289999999999999,0.109736422842652,-2.2,-2.30000000000001,0.03,-0.069,0.02,0.10000000000001,0.010731707317073,0.11073170731708,-0.5,0.0277060536215639,0.0276593208857533,-15
"Memphis Grizzlies vs Minnesota Timberwolves","2021-22","Memphis Grizzlies","Minnesota Timberwolves",1,1610612763,1610612750,0.122,2.6,-0.0199999999999999,-0.107840362072747,0.5,-2.09999999999999,-0.017,0.054,-0.011,2.59999999999999,-0.008780487804878,2.59121951219512,0,-0.049813716109075,-0.0787964552237395,-16.5
"Miami Heat vs Philadelphia 76ers","2021-22","Miami Heat","Philadelphia 76ers",1,1610612748,1610612755,0.024,1.7,0.00600000000000001,0.045976851259476,0,-1.8,0.013,0.032,0.02,1.79999999999999,-0.00162195121951297,1.79837804878049,0,0.0181363338694472,0.00877184603037584,2
"New Orleans Pelicans vs Phoenix Suns","2021-22","New Orleans Pelicans","Phoenix Suns",0,1610612740,1610612756,-0.341,-8.3,-0.0239999999999999,0.010491547785765,-3,5.2,-0.032,0.042,0.014,-8.20000000000001,0.02630487804878,-8.17369512195122,-0.5,-0.0778741131477173,-0.099212785695092,-13
"Philadelphia 76ers vs Toronto Raptors","2021-22","Philadelphia 76ers","Toronto Raptors",1,1610612755,1610612761,0.037,0.6,0.0349999999999999,0.00127627078669001,0.900000000000006,0.299999999999997,0.024,-0.079,0.001,0.60000000000001,-0.00404878048780399,0.5959512195122,-0.5,0.0451182218060969,0.0260275881603755,-5.5
"Atlanta Hawks vs Boston Celtics","2022-23","Atlanta Hawks","Boston Celtics",0,1610612737,1610612738,-0.195,-6.6,-0.021,-0.149065412524428,-1.8,4.80000000000001,-0.0249999999999999,0.034,-0.00700000000000001,-6.60000000000001,0.00728048780487806,-6.59271951219513,-1,-0.127455798335526,-0.139653176308809,-26.6666666666667
"Boston Celtics vs Miami Heat","2022-23","Boston Celtics","Miami Heat",0,1610612738,1610612748,0.158,7.2,0.026,0.071849060911315,5,-2.2,0.0359999999999999,-0.019,-0.005,7.2,-0.00963414634146403,7.19036585365854,0,0.0780465787923165,0.065715457185513,6.5
"Boston Celtics vs Philadelphia 76ers","2022-23","Boston Celtics","Philadelphia 76ers",1,1610612738,1610612755,0.0359999999999999,2.3,-0.00800000000000001,0.090428053198549,0.299999999999997,-2.10000000000001,0.003,-0.003,-0.00600000000000001,2.4,-0.00621951219512201,2.39378048780488,0.5,0.0233741795269408,0.0535720533606083,8.5
"Brooklyn Nets vs Philadelphia 76ers","2022-23","Brooklyn Nets","Philadelphia 76ers",0,1610612751,1610612755,-0.11,-3.3,-0.01,0.007731097485422,-2.40000000000001,0.799999999999997,-0.00099999999999989,-0.024,0,-3.20000000000001,0.00431707317073204,-3.19568292682927,-1,-9.34635357666691e-05,0.0246829888074583,-22.5
"Cleveland Cavaliers vs New York Knicks","2022-23","Cleveland Cavaliers","New York Knicks",0,1610612739,1610612752,0.049,2.8,0.013,-0.029131777187533,-1.5,-4.3,0.015,-0.045,0.00600000000000001,2.79999999999999,-0.00478048780487794,2.79521951219512,-0.5,-0.00912980139171582,-0.0194480646746032,-7
"Denver Nuggets vs Los Angeles Lakers","2022-23","Denver Nuggets","Los Angeles Lakers",1,1610612743,1610612747,0.122,2.6,0.019,0.010525743161025,2.89999999999999,0.299999999999997,0.0309999999999999,0.02,0.00999999999999998,2.6,-0.00743902439024396,2.59256097560975,0,-0.00192549871743464,-0.00623931416357781,-2.5
"Denver Nuggets vs Miami Heat","2022-23","Denver Nuggets","Miami Heat",1,1610612743,1610612748,0.109,3.8,0.027,-0.046920351157712,4.5,0.700000000000003,0.0429999999999999,0.015,0.00899999999999998,3.8,-0.013256097560976,3.78674390243903,1,0.127814634813961,0.160454774091369,9
"Denver Nuggets vs Minnesota Timberwolves","2022-23","Denver Nuggets","Minnesota Timberwolves",1,1610612743,1610612750,0.134,3.1,0.00900000000000001,-0.020019312713997,3.5,0.400000000000006,0.0129999999999999,0.031,-0.003,3.1,-0.00624390243902401,3.09375609756097,0,-0.0042512113259785,-0.00250750617809015,-2.5
"Denver Nuggets vs Phoenix Suns","2022-23","Denver Nuggets","Phoenix Suns",1,1610612743,1610612756,0.097,1.1,0.031,-0.000905546912143007,2.3,1.2,0.0379999999999999,-0.018,0.011,1.1,-0.012329268292683,1.08767073170732,0,0.0122281140025404,0.0135921105048258,10.5
"Golden State Warriors vs Los Angeles Lakers","2022-23","Golden State Warriors","Los Angeles Lakers",0,1610612744,1610612747,0.013,1,0.018,0.128324338714931,1.19999999999999,0.200000000000003,0.0289999999999999,0.00800000000000001,0.021,0.999999999999987,0.000121951219512029,1.00012195121949,-0.5,-0.0317156575331606,-0.0244640078549235,-6.5
"Golden State Warriors vs Sacramento Kings","2022-23","Golden State Warriors","Sacramento Kings",1,1610612744,1610612758,-0.0479999999999999,-0.9,-0.00800000000000001,0.055711857904332,-3.5,-2.59999999999999,-0.001,0.012,0.025,-0.9,0.005768292682927,-0.89423170731708,0.5,0.0783753509868682,0.0760544121997324,11.5
"LA Clippers vs Phoenix Suns","2022-23","LA Clippers","Phoenix Suns",0,1610612746,1610612756,-0.012,-1.7,0.018,0.025313846356774,-0.5,1.3,0.016,-0.034,0.00699999999999998,-1.79999999999999,-0.00745121951219502,-1.80745121951219,0,-0.00821118818222433,-0.0184923740865894,-9.5
"Los Angeles Lakers vs Memphis Grizzlies","2022-23","Los Angeles Lakers","Memphis Grizzlies",1,1610612747,1610612763,-0.098,-3.3,0.012,-0.021231854321462,-0.799999999999997,2.5,0.002,-0.033,0.004,-3.3,0.00745121951219496,-3.2925487804878,0.333333333333333,0.0540483228001316,0.0356893086483572,-1.33333333333333
"Miami Heat vs Milwaukee Bucks","2022-23","Miami Heat","Milwaukee Bucks",1,1610612748,1610612749,-0.17,-3.9,-0.00900000000000001,-0.038140562047691,-2,1.89999999999999,-0.025,-0.00999999999999995,-0.00499999999999998,-3.89999999999999,0.00962195121951304,-3.89037804878048,0,-0.0397169123515055,-0.0575241885193436,-7.5
"Miami Heat vs New York Knicks","2022-23","Miami Heat","New York Knicks",1,1610612748,1610612752,-0.0359999999999999,-3.3,-0.003,0.00811683799320201,-4.7,-1.40000000000001,-0.011,-0.044,0.00700000000000001,-3.3,0.00219512195122007,-3.29780487804878,-0.5,-0.0194043443696081,-0.0399844682643156,-3
"Boston Celtics vs Cleveland Cavaliers","2023-24","Boston Celtics","Cleveland Cavaliers",1,1610612738,1610612739,0.195,9.2,0.023,0.04879978157828,7.5,-1.5,0.0209999999999999,0.013,-0.017,8.99999999999999,-0.003268292682927,8.99673170731704,0.333333333333333,0.0141542856300563,-0.0107607346529788,10
"Boston Celtics vs Dallas Mavericks","2023-24","Boston Celtics","Dallas Mavericks",1,1610612738,1610612742,0.17,9.6,0.017,0.029826580376653,5.2,-4.30000000000001,0.0159999999999999,0.03,-0.003,9.50000000000001,-0.016329268292683,9.4836707317073,1,0.103545385839872,0.0923043081616782,37
"Boston Celtics vs Indiana Pacers","2023-24","Boston Celtics","Indiana Pacers",1,1610612738,1610612754,0.207,8.8,0.003,0.090350228969668,1.7,-7,0,0.003,-0.005,8.69999999999999,-0.00920731707317102,8.6907926829268,0.2,0.0791486902176575,0.0837494676571215,24.4
"Boston Celtics vs Miami Heat","2023-24","Boston Celtics","Miami Heat",1,1610612738,1610612748,0.219,9.9,0.031,0.077032563500112,8.90000000000001,-0.900000000000006,0.0399999999999999,0.026,-0.00900000000000001,9.8,0.003,9.80299999999998,1,0.126464260568888,0.13827912604068,30
"Cleveland Cavaliers vs Orlando Magic","2023-24","Cleveland Cavaliers","Orlando Magic",1,1610612739,1610612753,0.012,0.3,0.00900000000000001,0.053241652868333,1.8,1.3,0.016,-0.023,-0.012,0.5,0.00282926829268298,0.50282926829268,0,0.0456729631606198,0.0508146478264467,10
"Dallas Mavericks vs LA Clippers","2023-24","Dallas Mavericks","LA Clippers",1,1610612742,1610612746,-0.012,-1.3,-0.00700000000000001,0.058441713516258,-0.900000000000006,0.300000000000011,0.001,-0.026,-0.01,-1.20000000000002,-0.00447560975609707,-1.20447560975612,-0.333333333333333,-0.0548896412896316,-0.0317717996289425,-6.66666666666667
"Dallas Mavericks vs Minnesota Timberwolves","2023-24","Dallas Mavericks","Minnesota Timberwolves",1,1610612742,1610612750,-0.0730000000000001,-4.2,-0.002,0.056540568996674,2.40000000000001,6.5,0.003,-0.018,-0.02,-4.1,0.00029268292682999,-4.09970731707317,-0.5,-0.0675966503559565,-0.085943799611411,-26.5
"Dallas Mavericks vs Oklahoma City Thunder","2023-24","Dallas Mavericks","Oklahoma City Thunder",1,1610612742,1610612760,-0.085,-5.2,-0.016,0.057981005402662,-1.3,3.90000000000001,-0.0109999999999999,0.00700000000000001,-0.001,-5.20000000000001,-1.21951219509975e-05,-5.20001219512196,-0.5,-0.0208522070878604,-0.0207152654780954,-13.5
"Denver Nuggets vs Los Angeles Lakers","2023-24","Denver Nuggets","Los Angeles Lakers",1,1610612743,1610612747,0.122,4.9,-0.012,-0.00667034408334799,2.39999999999999,-2.5,-0.00399999999999989,0.056,-0.00700000000000001,4.89999999999999,-0.015341463414634,4.88465853658536,1,0.0512038605220195,0.0652003530471643,20
"Denver Nuggets vs Minnesota Timberwolves","2023-24","Denver Nuggets","Minnesota Timberwolves",0,1610612743,1610612750,0.0119999999999999,-0.8,-0.005,-0.032731213334808,3.2,3.89999999999999,0.003,0.025,-0.014,-0.69999999999999,-0.002524390243902,-0.70252439024389,0,-0.0401907707317674,-0.0273464770041013,-11
"Indiana Pacers vs Milwaukee Bucks","2023-24","Indiana Pacers","Milwaukee Bucks",1,1610612754,1610612749,-0.025,0.3,0.005,-0.049701250374817,2.90000000000001,2.59999999999999,0.01,0.029,-0.002,0.30000000000002,-0.001756097560975,0.29824390243903,0.6,-0.00241005911145997,-0.00427338213361983,7.2
"Indiana Pacers vs New York Knicks","2023-24","Indiana Pacers","New York Knicks",1,1610612754,1610612752,-0.037,-2,0.032,-0.023295578669592,3.2,5.19999999999999,0.0379999999999999,-0.049,-0.012,-1.99999999999998,-0.00280487804877999,-2.00280487804877,0.333333333333333,0.103026734564107,0.134797118331227,16
"Minnesota Timberwolves vs Phoenix Suns","2023-24","Minnesota Timberwolves","Phoenix Suns",1,1610612750,1610612756,0.0850000000000001,3.2,-0.00900000000000001,0.00625995764856496,-2.2,-5.3,-0.00599999999999989,-0.017,-0.00600000000000001,3.1,-0.001024390243903,3.09897560975609,-1,-0.0919400256964168,-0.107876677359252,-31.3333333333333
"New Orleans Pelicans vs Oklahoma City Thunder","2023-24","New Orleans Pelicans","Oklahoma City Thunder",0,1610612740,1610612760,-0.097,-2.7,-0.017,-0.00992393541790004,-1.8,0.900000000000006,-0.0149999999999999,0.028,0.00700000000000001,-2.70000000000001,0.00354878048780499,-2.6964512195122,-0.333333333333333,-0.0721835007319164,-0.0639622721155703,-18
"New York Knicks vs Philadelphia 76ers","2023-24","New York Knicks","Philadelphia 76ers",1,1610612752,1610612755,0.037,1.8,0,0.03093993753488,1.09999999999999,-0.599999999999994,0.00800000000000001,0.041,0.016,1.69999999999999,0.011439024390244,1.71143902439023,0.5,0.0859466649711232,0.0808028236065677,35.5
"Boston Celtics vs New York Knicks","2024-25","Boston Celtics","New York Knicks",0,1610612738,1610612752,0.122,5.4,0.002,0.153807778726144,2.2,-3.2,0.005,-0.014,-0.012,5.40000000000001,-0.00981707317073199,5.39018292682928,1,0.0776508989657346,0.0823606241747592,32.5
"Boston Celtics vs Orlando Magic","2024-25","Boston Celtics","Orlando Magic",1,1610612738,1610612753,0.244,9.6,0.0409999999999999,0.12461680299281,10.6,1,0.051,-0.011,-0.025,9.6,-0.00758536585365899,9.59241463414634,-0.333333333333333,0.0270804156175092,0.0295160786987851,2
"Cleveland Cavaliers vs Indiana Pacers","2024-25","Cleveland Cavaliers","Indiana Pacers",0,1610612739,1610612754,0.17,7.1,0.013,0.056386622077112,5.59999999999999,-1.5,0.0159999999999999,0.042,0.001,7.09999999999999,-0.00263414634146397,7.09736585365853,-0.5,-0.0069392020948581,-0.0104965252584582,-7.5
"Cleveland Cavaliers vs Miami Heat","2024-25","Cleveland Cavaliers","Miami Heat",1,1610612739,1610612748,0.329,8.8,0.031,0.028186512341558,8.59999999999999,-0.200000000000003,0.0339999999999999,0.033,-0.00700000000000001,8.79999999999999,-0.010402439024391,8.78959756097561,0.333333333333333,0.00263632846503559,0.0242690247759281,10.6666666666667
"Denver Nuggets vs LA Clippers","2024-25","Denver Nuggets","LA Clippers",1,1610612743,1610612746,0,-1.1,0.015,-0.0311540751267469,4.60000000000001,5.69999999999999,0.0189999999999999,0.029,-0.011,-1.09999999999998,-0.00415853658536502,-1.10415853658534,0,0.0488737836298762,0.0657388534279132,18
"Denver Nuggets vs Oklahoma City Thunder","2024-25","Denver Nuggets","Oklahoma City Thunder",0,1610612743,1610612760,-0.219,-8.9,0.011,-0.063104977116705,-0.299999999999997,8.5,0.0129999999999999,0.03,0.024,-8.79999999999999,0.00682926829268299,-8.79317073170735,0,0.00247629494112456,0.00733171310497516,-12
"Detroit Pistons vs New York Knicks","2024-25","Detroit Pistons","New York Knicks",0,1610612765,1610612752,-0.085,-1.9,-0.00900000000000001,0.012042124869419,-2.7,-0.799999999999997,-0.00900000000000001,0,0.013,-1.90000000000001,0.010682926829268,-1.88931707317073,0.5,0.0222408764060406,0.0193247650527244,-3.5
"Golden State Warriors vs Houston Rockets","2024-25","Golden State Warriors","Houston Rockets",1,1610612744,1610612745,-0.049,-1.4,0.0149999999999999,0.08523333042327,-0.700000000000003,0.700000000000003,0.013,-0.049,0.000999999999999973,-1.40000000000001,-0.00354878048780494,-1.40354878048781,0.2,0.0341842178038518,0.0272677961714913,3.2
"Golden State Warriors vs Minnesota Timberwolves","2024-25","Golden State Warriors","Minnesota Timberwolves",0,1610612744,1610612750,-0.013,-1.8,-0.02,0.013668630712117,-1.5,0.200000000000003,-0.018,0.014,-0.005,-1.70000000000001,0.00137804878048808,-1.69862195121952,0.5,0.00307389125045632,0.00285494791723906,1
"Indiana Pacers vs Milwaukee Bucks","2024-25","Indiana Pacers","Milwaukee Bucks",1,1610612754,1610612749,0.025,-0.3,-0.004,-0.0235413586161971,0.300000000000011,0.599999999999994,-0.00599999999999989,0.019,-0.003,-0.29999999999998,-0.00731707317073099,-0.30731707317071,-0.5,-0.0556088191320464,-0.0475569430348249,-13
"Indiana Pacers vs New York Knicks","2024-25","Indiana Pacers","New York Knicks",1,1610612754,1610612752,-0.012,-1.9,0.005,0.018536513273355,-1.89999999999999,0,0.00600000000000001,-0.051,-0.004,-1.89999999999999,-0.00343902439024402,-1.90343902439023,-0.333333333333333,-0.0444117848229503,-0.0361974515639738,-18
"Indiana Pacers vs Oklahoma City Thunder","2024-25","Indiana Pacers","Oklahoma City Thunder",0,1610612754,1610612760,-0.219,-10.6,0.001,-0.018455967929653,-3.8,6.7,0.002,-0.027,0.014,-10.5,-0.00654878048780499,-10.5065487804878,-1,-0.0304306248124853,-0.026672673609469,-27
"Los Angeles Lakers vs Minnesota Timberwolves","2024-25","Los Angeles Lakers","Minnesota Timberwolves",0,1610612747,1610612750,0.012,-3.8,0.005,-0.0297339808618,-0.700000000000003,3,0.003,-0.027,-0.004,-3.70000000000001,-0.00385365853658493,-3.70385365853659,0,-0.0471190329947813,-0.0485230358282062,-11.5
"Memphis Grizzlies vs Oklahoma City Thunder","2024-25","Memphis Grizzlies","Oklahoma City Thunder",0,1610612763,1610612760,-0.244,-8,-0.005,-0.0131464799967,-2,6,-0.00600000000000001,0.049,0.035,-7.99999999999999,0.0055,-7.99450000000004,-1,-0.0557601361113063,-0.0732520796521516,-37.5
"Minnesota Timberwolves vs Oklahoma City Thunder","2024-25","Minnesota Timberwolves","Oklahoma City Thunder",0,1610612750,1610612760,-0.231,-7.7,-0.005,0.036218323586744,-3.5,4.2,-0.00600000000000001,0.019,0.03,-7.69999999999999,0.010975609756097,-7.68902439024394,0,0.00759848658887452,-0.0126647157431985,1.5
"Atlanta Hawks vs New York Knicks","2025-26","Atlanta Hawks","New York Knicks",0,1610612737,1610612752,-0.085,-4.2,-0.00600000000000001,0.00171520505950296,-3.7,0.600000000000009,-0.003,-0.037,-0.001,-4.30000000000002,0.008012195121952,-4.29198780487806,-0.333333333333333,0.0165015387129761,0.0312452820410352,4
"Boston Celtics vs Philadelphia 76ers","2025-26","Boston Celtics","Philadelphia 76ers",0,1610612738,1610612755,0.134,8.4,0.011,0.076013360306325,5.7,-2.7,0.023,0.03,-0.005,8.40000000000001,-0.00370731707317101,8.39629268292683,0,-0.0246751667931336,-0.0207696954316438,7
"Cleveland Cavaliers vs Detroit Pistons","2025-26","Cleveland Cavaliers","Detroit Pistons",1,1610612739,1610612765,-0.098,-4.3,0.012,0.096578445208941,1,5.19999999999999,0.015,-0.047,-0.013,-4.19999999999999,0.00641463414634097,-4.19358536585365,0,0.0356477242936636,0.0322213365215966,9
"Cleveland Cavaliers vs New York Knicks","2025-26","Cleveland Cavaliers","New York Knicks",0,1610612739,1610612752,-0.012,-2.3,0.005,0.014271843231382,-0.400000000000006,1.8,0.004,-0.021,-0.001,-2.20000000000001,-0.0015,-2.20150000000001,-0.333333333333333,0.0314962840716003,0.043171697179614,3.33333333333333
"Cleveland Cavaliers vs Toronto Raptors","2025-26","Cleveland Cavaliers","Toronto Raptors",1,1610612739,1610612761,0.073,1.2,0.014,0.078637639045266,3.3,2,0.015,0.00700000000000001,0.001,1.29999999999999,-0.00697560975609801,1.29302439024389,-1,-0.0789058414069242,-0.0863308194468833,-23.3333333333333
"Denver Nuggets vs Minnesota Timberwolves","2025-26","Denver Nuggets","Minnesota Timberwolves",0,1610612743,1610612750,0.0610000000000001,2.1,0.024,-0.012245937060228,5.60000000000001,3.5,0.0179999999999999,-0.016,-0.017,2.10000000000001,0.00386585365853603,2.10386585365854,0.5,0.0158398789527299,0.00102885092589833,9.5
"Detroit Pistons vs Orlando Magic","2025-26","Detroit Pistons","Orlando Magic",1,1610612765,1610612753,0.183,7.8,0.00700000000000001,-0.041157127875818,3.09999999999999,-4.69999999999999,0.015,0.048,0.011,7.79999999999998,-0.018878048780488,7.78112195121949,0,0.0134609052270378,0.0281576596419966,7
"Houston Rockets vs Los Angeles Lakers","2025-26","Houston Rockets","Los Angeles Lakers",0,1610612745,1610612747,-0.012,3.9,-0.033,-0.043111420025007,0.5,-3.40000000000001,-0.0309999999999999,0.103,0.011,3.90000000000001,-0.003268292682927,3.89673170731708,-0.333333333333333,-0.0314978929199438,-0.0415278746224782,4.66666666666667
"Los Angeles Lakers vs Oklahoma City Thunder","2025-26","Los Angeles Lakers","Oklahoma City Thunder",0,1610612747,1610612760,-0.134,-9.6,0.01,-0.032196456480636,-0.599999999999994,9,0.0119999999999999,0.021,0.022,-9.6,-0.007012195121951,-9.60701219512198,-1,-0.0937213358130576,-0.0947788319818208,-58.5
"Minnesota Timberwolves vs San Antonio Spurs","2025-26","Minnesota Timberwolves","San Antonio Spurs",0,1610612750,1610612759,-0.158,-5.3,-0.003,-0.00167996986178798,-3.10000000000001,2.09999999999999,0,-0.004,0.012,-5.20000000000001,-0.007012195121951,-5.20701219512195,0.333333333333333,0.0236345265614327,0.0313069688253108,7.33333333333333
"New York Knicks vs Philadelphia 76ers","2025-26","New York Knicks","Philadelphia 76ers",1,1610612752,1610612755,0.097,6.5,0.018,0.036398285241779,4.40000000000001,-2.10000000000001,0.027,0.022,0.005,6.50000000000002,-0.00442682926829302,6.49557317073172,0,0.00294121850113294,7.67708440325698e-05,16
"Oklahoma City Thunder vs Phoenix Suns","2025-26","Oklahoma City Thunder","Phoenix Suns",1,1610612760,1610612756,0.231,9.7,0.031,-0.027349844066899,3.39999999999999,-6.40000000000001,0.024,-0.067,-0.023,9.8,-0.009012195121952,9.79098780487808,0.2,0.057772335674307,0.0545758714546737,18
"Oklahoma City Thunder vs San Antonio Spurs","2025-26","Oklahoma City Thunder","San Antonio Spurs",0,1610612760,1610612759,0.024,2.7,0.004,0.00410370261198201,-1.10000000000001,-3.90000000000001,0.002,-0.042,-0.00900000000000001,2.8,0.00285365853658504,2.80285365853662,-0.6,-0.0167483095079529,-0.0270006295627501,-10.4
"Portland Trail Blazers vs San Antonio Spurs","2025-26","Portland Trail Blazers","San Antonio Spurs",0,1610612757,1610612759,-0.244,-8.8,-0.025,0.046881886102349,-5.60000000000001,3.09999999999999,-0.025,0.048,0.036,-8.70000000000001,0.00104878048780505,-8.6989512195122,-0.333333333333333,-0.0138466501344071,0.0138977331615742,-12.6666666666667
